round	persona	findings_produced	findings_revised	challenges_issued	flip_count	status
0	Architecture Reviewer	8	0	0	0	independent_analysis
0	Reliability Engineer	7	0	0	0	independent_analysis
0	SDK DX Reviewer	7	0	0	0	independent_analysis
0	Test Strategy Reviewer	8	0	0	0	independent_analysis
0	Devil's Advocate	7	0	0	0	independent_analysis
1	Architecture Reviewer	8	2	3	1	debate_round_1
1	Reliability Engineer	7	2	4	1	debate_round_1
1	SDK DX Reviewer	7	1	3	1	debate_round_1
1	Test Strategy Reviewer	8	2	4	1	debate_round_1
1	Devil's Advocate	7	1	5	1	debate_round_1
2	Synthesizer	10	0	0	0	consensus
